Election,County,Subpart,JurisdictionID,JurisContainerID,JurisName,EISCandidateID,CandidateName,EISContestID,ContestName,PrecinctName,Registration,EISPartyID,PartyName,VoteCount
2018 Primary,Cook,Chicago Only,105,0,CITY OF CHICAGO,0,,0,,Ward 01 Precinct 01,808,0,,261
2018 Primary,Cook,Chicago Only,105,0,CITY OF CHICAGO,0,,0,,Ward 01 Precinct 02,809,0,,197
2018 Primary,Cook,Chicago Only,105,0,CITY OF CHICAGO,0,,0,,Ward 01 Precinct 03,831,0,,283
2018 Primary,Cook,Chicago Only,105,0,CITY OF CHICAGO,0,,0,,Ward 01 Precinct 04,904,0,,285
2018 Primary,Cook,Chicago Only,105,0,CITY OF CHICAGO,0,,0,,Ward 01 Precinct 05,809,0,,258
2018 Primary,Cook,Chicago Only,105,0,CITY OF CHICAGO,0,,0,,Ward 01 Precinct 06,846,0,,248
2018 Primary,Cook,Chicago Only,105,0,CITY OF CHICAGO,0,,0,,Ward 01 Precinct 07,536,0,,178
2018 Primary,Cook,Chicago Only,105,0,CITY OF CHICAGO,0,,0,,Ward 01 Precinct 08,771,0,,260
2018 Primary,Cook,Chicago Only,105,0,CITY OF CHICAGO,0,,0,,Ward 01 Precinct 09,619,0,,264
2018 Primary,Cook,Chicago Only,105,0,CITY OF CHICAGO,0,,0,,Ward 01 Precinct 10,937,0,,265
2018 Primary,Cook,Chicago Only,105,0,CITY OF CHICAGO,0,,0,,Ward 01 Precinct 11,837,0,,260
2018 Primary,Cook,Chicago Only,105,0,CITY OF CHICAGO,0,,0,,Ward 01 Precinct 12,958,0,,327
2018 Primary,Cook,Chicago Only,105,0,CITY OF CHICAGO,0,,0,,Ward 01 Precinct 13,393,0,,134
2018 Primary,Cook,Chicago Only,105,0,CITY OF CHICAGO,0,,0,,Ward 01 Precinct 14,734,0,,259
2018 Primary,Cook,Chicago Only,105,0,CITY OF CHICAGO,0,,0,,Ward 01 Precinct 15,749,0,,265
2018 Primary,Cook,Chicago Only,105,0,CITY OF CHICAGO,0,,0,,Ward 01 Precinct 16,799,0,,268
2018 Primary,Cook,Chicago Only,105,0,CITY OF CHICAGO,0,,0,,Ward 01 Precinct 17,714,0,,241
2018 Primary,Cook,Chicago Only,105,0,CITY OF CHICAGO,0,,0,,Ward 01 Precinct 18,888,0,,283
2018 Primary,Cook,Chicago Only,105,0,CITY OF CHICAGO,0,,0,,Ward 01 Precinct 19,859,0,,304
2018 Primary,Cook,Chicago Only,105,0,CITY OF CHICAGO,0,,0,,Ward 01 Precinct 20,634,0,,218
2018 Primary,Cook,Chicago Only,105,0,CITY OF CHICAGO,0,,0,,Ward 01 Precinct 21,935,0,,274
2018 Primary,Cook,Chicago Only,105,0,CITY OF CHICAGO,0,,0,,Ward 01 Precinct 22,569,0,,186
2018 Primary,Cook,Chicago Only,105,0,CITY OF CHICAGO,0,,0,,Ward 01 Precinct 23,966,0,,381
2018 Primary,Cook,Chicago Only,105,0,CITY OF CHICAGO,0,,0,,Ward 01 Precinct 24,883,0,,235
2018 Primary,Cook,Chicago Only,105,0,CITY OF CHICAGO,0,,0,,Ward 01 Precinct 25,824,0,,224
2018 Primary,Cook,Chicago Only,105,0,CITY OF CHICAGO,0,,0,,Ward 01 Precinct 26,697,0,,164
2018 Primary,Cook,Chicago Only,105,0,CITY OF CHICAGO,0,,0,,Ward 01 Precinct 27,827,0,,269
2018 Primary,Cook,Chicago Only,105,0,CITY OF CHICAGO,0,,0,,Ward 01 Precinct 28,297,0,,114
2018 Primary,Cook,Chicago Only,105,0,CITY OF CHICAGO,0,,0,,Ward 01 Precinct 29,806,0,,277
2018 Primary,Cook,Chicago Only,105,0,CITY OF CHICAGO,0,,0,,Ward 01 Precinct 30,939,0,,310
2018 Primary,Cook,Chicago Only,105,0,CITY OF CHICAGO,0,,0,,Ward 01 Precinct 31,840,0,,284
2018 Primary,Cook,Chicago Only,105,0,CITY OF CHICAGO,0,,0,,Ward 01 Precinct 32,779,0,,251
2018 Primary,Cook,Chicago Only,105,0,CITY OF CHICAGO,0,,0,,Ward 01 Precinct 33,934,0,,304
2018 Primary,Cook,Chicago Only,105,0,CITY OF CHICAGO,0,,0,,Ward 01 Precinct 34,656,0,,235
2018 Primary,Cook,Chicago Only,105,0,CITY OF CHICAGO,0,,0,,Ward 01 Precinct 35,975,0,,316
2018 Primary,Cook,Chicago Only,105,0,CITY OF CHICAGO,0,,0,,Ward 01 Precinct 36,804,0,,249
2018 Primary,Cook,Chicago Only,105,0,CITY OF CHICAGO,0,,0,,Ward 01 Precinct 37,818,0,,265
2018 Primary,Cook,Chicago Only,105,0,CITY OF CHICAGO,0,,0,,Ward 01 Precinct 38,755,0,,264
2018 Primary,Cook,Chicago Only,105,0,CITY OF CHICAGO,0,,0,,Ward 01 Precinct 39,743,0,,243
2018 Primary,Cook,Chicago Only,105,0,CITY OF CHICAGO,0,,0,,Ward 01 Precinct 40,818,0,,298
2018 Primary,Cook,Chicago Only,105,0,CITY OF CHICAGO,0,,0,,Ward 01 Precinct 41,444,0,,180
2018 Primary,Cook,Chicago Only,105,0,CITY OF CHICAGO,0,,0,,Ward 01 Precinct 42,238,0,,80
2018 Primary,Cook,Chicago Only,105,0,CITY OF CHICAGO,0,,0,,Ward 01 Precinct 43,545,0,,165
2018 Primary,Cook,Chicago Only,105,0,CITY OF CHICAGO,0,,0,,Ward 01 Precinct 44,632,0,,240
2018 Primary,Cook,Chicago Only,105,0,CITY OF CHICAGO,0,,0,,Ward 02 Precinct 01,922,0,,261
2018 Primary,Cook,Chicago Only,105,0,CITY OF CHICAGO,0,,0,,Ward 02 Precinct 02,601,0,,257
2018 Primary,Cook,Chicago Only,105,0,CITY OF CHICAGO,0,,0,,Ward 02 Precinct 03,894,0,,313
2018 Primary,Cook,Chicago Only,105,0,CITY OF CHICAGO,0,,0,,Ward 02 Precinct 04,745,0,,208
2018 Primary,Cook,Chicago Only,105,0,CITY OF CHICAGO,0,,0,,Ward 02 Precinct 05,889,0,,301
2018 Primary,Cook,Chicago Only,105,0,CITY OF CHICAGO,0,,0,,Ward 02 Precinct 06,817,0,,206
2018 Primary,Cook,Chicago Only,105,0,CITY OF CHICAGO,0,,0,,Ward 02 Precinct 07,1400,0,,245
2018 Primary,Cook,Chicago Only,105,0,CITY OF CHICAGO,0,,0,,Ward 02 Precinct 08,985,0,,269
2018 Primary,Cook,Chicago Only,105,0,CITY OF CHICAGO,0,,0,,Ward 02 Precinct 09,693,0,,177
2018 Primary,Cook,Chicago Only,105,0,CITY OF CHICAGO,0,,0,,Ward 02 Precinct 10,671,0,,280
2018 Primary,Cook,Chicago Only,105,0,CITY OF CHICAGO,0,,0,,Ward 02 Precinct 11,787,0,,327
2018 Primary,Cook,Chicago Only,105,0,CITY OF CHICAGO,0,,0,,Ward 02 Precinct 12,764,0,,282
2018 Primary,Cook,Chicago Only,105,0,CITY OF CHICAGO,0,,0,,Ward 02 Precinct 13,695,0,,255
2018 Primary,Cook,Chicago Only,105,0,CITY OF CHICAGO,0,,0,,Ward 02 Precinct 14,814,0,,315
2018 Primary,Cook,Chicago Only,105,0,CITY OF CHICAGO,0,,0,,Ward 02 Precinct 15,832,0,,260
2018 Primary,Cook,Chicago Only,105,0,CITY OF CHICAGO,0,,0,,Ward 02 Precinct 16,794,0,,231
2018 Primary,Cook,Chicago Only,105,0,CITY OF CHICAGO,0,,0,,Ward 02 Precinct 17,885,0,,333
2018 Primary,Cook,Chicago Only,105,0,CITY OF CHICAGO,0,,0,,Ward 02 Precinct 18,726,0,,266
2018 Primary,Cook,Chicago Only,105,0,CITY OF CHICAGO,0,,0,,Ward 02 Precinct 19,560,0,,246
2018 Primary,Cook,Chicago Only,105,0,CITY OF CHICAGO,0,,0,,Ward 02 Precinct 20,980,0,,220
2018 Primary,Cook,Chicago Only,105,0,CITY OF CHICAGO,0,,0,,Ward 02 Precinct 21,841,0,,287
2018 Primary,Cook,Chicago Only,105,0,CITY OF CHICAGO,0,,0,,Ward 02 Precinct 22,824,0,,275
2018 Primary,Cook,Chicago Only,105,0,CITY OF CHICAGO,0,,0,,Ward 02 Precinct 23,517,0,,240
2018 Primary,Cook,Chicago Only,105,0,CITY OF CHICAGO,0,,0,,Ward 02 Precinct 24,694,0,,276
2018 Primary,Cook,Chicago Only,105,0,CITY OF CHICAGO,0,,0,,Ward 02 Precinct 25,828,0,,258
2018 Primary,Cook,Chicago Only,105,0,CITY OF CHICAGO,0,,0,,Ward 02 Precinct 26,792,0,,213
2018 Primary,Cook,Chicago Only,105,0,CITY OF CHICAGO,0,,0,,Ward 02 Precinct 27,690,0,,266
2018 Primary,Cook,Chicago Only,105,0,CITY OF CHICAGO,0,,0,,Ward 02 Precinct 28,846,0,,277
2018 Primary,Cook,Chicago Only,105,0,CITY OF CHICAGO,0,,0,,Ward 02 Precinct 29,871,0,,270
2018 Primary,Cook,Chicago Only,105,0,CITY OF CHICAGO,0,,0,,Ward 02 Precinct 30,677,0,,237
2018 Primary,Cook,Chicago Only,105,0,CITY OF CHICAGO,0,,0,,Ward 02 Precinct 31,941,0,,365
2018 Primary,Cook,Chicago Only,105,0,CITY OF CHICAGO,0,,0,,Ward 02 Precinct 32,659,0,,204
2018 Primary,Cook,Chicago Only,105,0,CITY OF CHICAGO,0,,0,,Ward 02 Precinct 33,1053,0,,456
2018 Primary,Cook,Chicago Only,105,0,CITY OF CHICAGO,0,,0,,Ward 02 Precinct 34,604,0,,306
2018 Primary,Cook,Chicago Only,105,0,CITY OF CHICAGO,0,,0,,Ward 02 Precinct 35,1004,0,,250
2018 Primary,Cook,Chicago Only,105,0,CITY OF CHICAGO,0,,0,,Ward 02 Precinct 36,641,0,,246
2018 Primary,Cook,Chicago Only,105,0,CITY OF CHICAGO,0,,0,,Ward 02 Precinct 37,647,0,,273
2018 Primary,Cook,Chicago Only,105,0,CITY OF CHICAGO,0,,0,,Ward 02 Precinct 38,695,0,,269
2018 Primary,Cook,Chicago Only,105,0,CITY OF CHICAGO,0,,0,,Ward 02 Precinct 39,616,0,,215
2018 Primary,Cook,Chicago Only,105,0,CITY OF CHICAGO,0,,0,,Ward 02 Precinct 40,952,0,,279
2018 Primary,Cook,Chicago Only,105,0,CITY OF CHICAGO,0,,0,,Ward 02 Precinct 41,900,0,,173
2018 Primary,Cook,Chicago Only,105,0,CITY OF CHICAGO,0,,0,,Ward 02 Precinct 42,765,0,,231
2018 Primary,Cook,Chicago Only,105,0,CITY OF CHICAGO,0,,0,,Ward 02 Precinct 43,956,0,,277
2018 Primary,Cook,Chicago Only,105,0,CITY OF CHICAGO,0,,0,,Ward 02 Precinct 44,432,0,,175
2018 Primary,Cook,Chicago Only,105,0,CITY OF CHICAGO,0,,0,,Ward 02 Precinct 45,786,0,,292
2018 Primary,Cook,Chicago Only,105,0,CITY OF CHICAGO,0,,0,,Ward 02 Precinct 46,494,0,,154
2018 Primary,Cook,Chicago Only,105,0,CITY OF CHICAGO,0,,0,,Ward 03 Precinct 01,1137,0,,391
2018 Primary,Cook,Chicago Only,105,0,CITY OF CHICAGO,0,,0,,Ward 03 Precinct 02,747,0,,447
2018 Primary,Cook,Chicago Only,105,0,CITY OF CHICAGO,0,,0,,Ward 03 Precinct 03,814,0,,305
2018 Primary,Cook,Chicago Only,105,0,CITY OF CHICAGO,0,,0,,Ward 03 Precinct 04,830,0,,323
2018 Primary,Cook,Chicago Only,105,0,CITY OF CHICAGO,0,,0,,Ward 03 Precinct 05,657,0,,154
2018 Primary,Cook,Chicago Only,105,0,CITY OF CHICAGO,0,,0,,Ward 03 Precinct 06,909,0,,338
2018 Primary,Cook,Chicago Only,105,0,CITY OF CHICAGO,0,,0,,Ward 03 Precinct 07,520,0,,277
2018 Primary,Cook,Chicago Only,105,0,CITY OF CHICAGO,0,,0,,Ward 03 Precinct 08,767,0,,222
2018 Primary,Cook,Chicago Only,105,0,CITY OF CHICAGO,0,,0,,Ward 03 Precinct 09,780,0,,289
2018 Primary,Cook,Chicago Only,105,0,CITY OF CHICAGO,0,,0,,Ward 03 Precinct 10,563,0,,140
2018 Primary,Cook,Chicago Only,105,0,CITY OF CHICAGO,0,,0,,Ward 03 Precinct 11,782,0,,274
2018 Primary,Cook,Chicago Only,105,0,CITY OF CHICAGO,0,,0,,Ward 03 Precinct 12,678,0,,355
2018 Primary,Cook,Chicago Only,105,0,CITY OF CHICAGO,0,,0,,Ward 03 Precinct 13,825,0,,354
2018 Primary,Cook,Chicago Only,105,0,CITY OF CHICAGO,0,,0,,Ward 03 Precinct 14,841,0,,271
2018 Primary,Cook,Chicago Only,105,0,CITY OF CHICAGO,0,,0,,Ward 03 Precinct 15,811,0,,262
2018 Primary,Cook,Chicago Only,105,0,CITY OF CHICAGO,0,,0,,Ward 03 Precinct 16,807,0,,248
2018 Primary,Cook,Chicago Only,105,0,CITY OF CHICAGO,0,,0,,Ward 03 Precinct 17,947,0,,295
2018 Primary,Cook,Chicago Only,105,0,CITY OF CHICAGO,0,,0,,Ward 03 Precinct 18,1274,0,,368
2018 Primary,Cook,Chicago Only,105,0,CITY OF CHICAGO,0,,0,,Ward 03 Precinct 19,857,0,,304
2018 Primary,Cook,Chicago Only,105,0,CITY OF CHICAGO,0,,0,,Ward 03 Precinct 20,830,0,,305
2018 Primary,Cook,Chicago Only,105,0,CITY OF CHICAGO,0,,0,,Ward 03 Precinct 21,832,0,,390
2018 Primary,Cook,Chicago Only,105,0,CITY OF CHICAGO,0,,0,,Ward 03 Precinct 22,981,0,,321
2018 Primary,Cook,Chicago Only,105,0,CITY OF CHICAGO,0,,0,,Ward 03 Precinct 23,847,0,,244
2018 Primary,Cook,Chicago Only,105,0,CITY OF CHICAGO,0,,0,,Ward 03 Precinct 24,783,0,,270
2018 Primary,Cook,Chicago Only,105,0,CITY OF CHICAGO,0,,0,,Ward 03 Precinct 25,1239,0,,463
2018 Primary,Cook,Chicago Only,105,0,CITY OF CHICAGO,0,,0,,Ward 03 Precinct 26,839,0,,418
2018 Primary,Cook,Chicago Only,105,0,CITY OF CHICAGO,0,,0,,Ward 03 Precinct 27,974,0,,337
2018 Primary,Cook,Chicago Only,105,0,CITY OF CHICAGO,0,,0,,Ward 03 Precinct 28,558,0,,217
2018 Primary,Cook,Chicago Only,105,0,CITY OF CHICAGO,0,,0,,Ward 03 Precinct 29,1055,0,,286
2018 Primary,Cook,Chicago Only,105,0,CITY OF CHICAGO,0,,0,,Ward 03 Precinct 30,734,0,,276
2018 Primary,Cook,Chicago Only,105,0,CITY OF CHICAGO,0,,0,,Ward 03 Precinct 31,880,0,,325
2018 Primary,Cook,Chicago Only,105,0,CITY OF CHICAGO,0,,0,,Ward 03 Precinct 32,863,0,,326
2018 Primary,Cook,Chicago Only,105,0,CITY OF CHICAGO,0,,0,,Ward 03 Precinct 33,905,0,,282
2018 Primary,Cook,Chicago Only,105,0,CITY OF CHICAGO,0,,0,,Ward 03 Precinct 34,967,0,,359
2018 Primary,Cook,Chicago Only,105,0,CITY OF CHICAGO,0,,0,,Ward 03 Precinct 35,759,0,,107
2018 Primary,Cook,Chicago Only,105,0,CITY OF CHICAGO,0,,0,,Ward 03 Precinct 36,623,0,,150
2018 Primary,Cook,Chicago Only,105,0,CITY OF CHICAGO,0,,0,,Ward 03 Precinct 37,726,0,,225
2018 Primary,Cook,Chicago Only,105,0,CITY OF CHICAGO,0,,0,,Ward 03 Precinct 38,625,0,,320
2018 Primary,Cook,Chicago Only,105,0,CITY OF CHICAGO,0,,0,,Ward 03 Precinct 39,1117,0,,376
2018 Primary,Cook,Chicago Only,105,0,CITY OF CHICAGO,0,,0,,Ward 03 Precinct 40,871,0,,323
2018 Primary,Cook,Chicago Only,105,0,CITY OF CHICAGO,0,,0,,Ward 03 Precinct 41,792,0,,301
2018 Primary,Cook,Chicago Only,105,0,CITY OF CHICAGO,0,,0,,Ward 04 Precinct 01,915,0,,429
2018 Primary,Cook,Chicago Only,105,0,CITY OF CHICAGO,0,,0,,Ward 04 Precinct 02,915,0,,345
2018 Primary,Cook,Chicago Only,105,0,CITY OF CHICAGO,0,,0,,Ward 04 Precinct 03,758,0,,271
2018 Primary,Cook,Chicago Only,105,0,CITY OF CHICAGO,0,,0,,Ward 04 Precinct 04,1014,0,,416
2018 Primary,Cook,Chicago Only,105,0,CITY OF CHICAGO,0,,0,,Ward 04 Precinct 05,701,0,,331
2018 Primary,Cook,Chicago Only,105,0,CITY OF CHICAGO,0,,0,,Ward 04 Precinct 06,845,0,,423
2018 Primary,Cook,Chicago Only,105,0,CITY OF CHICAGO,0,,0,,Ward 04 Precinct 07,918,0,,456
2018 Primary,Cook,Chicago Only,105,0,CITY OF CHICAGO,0,,0,,Ward 04 Precinct 08,804,0,,376
2018 Primary,Cook,Chicago Only,105,0,CITY OF CHICAGO,0,,0,,Ward 04 Precinct 09,780,0,,449
2018 Primary,Cook,Chicago Only,105,0,CITY OF CHICAGO,0,,0,,Ward 04 Precinct 10,891,0,,395
2018 Primary,Cook,Chicago Only,105,0,CITY OF CHICAGO,0,,0,,Ward 04 Precinct 11,856,0,,287
2018 Primary,Cook,Chicago Only,105,0,CITY OF CHICAGO,0,,0,,Ward 04 Precinct 12,884,0,,329
2018 Primary,Cook,Chicago Only,105,0,CITY OF CHICAGO,0,,0,,Ward 04 Precinct 13,768,0,,223
2018 Primary,Cook,Chicago Only,105,0,CITY OF CHICAGO,0,,0,,Ward 04 Precinct 14,804,0,,345
2018 Primary,Cook,Chicago Only,105,0,CITY OF CHICAGO,0,,0,,Ward 04 Precinct 15,876,0,,393
2018 Primary,Cook,Chicago Only,105,0,CITY OF CHICAGO,0,,0,,Ward 04 Precinct 16,1091,0,,376
2018 Primary,Cook,Chicago Only,105,0,CITY OF CHICAGO,0,,0,,Ward 04 Precinct 17,832,0,,371
2018 Primary,Cook,Chicago Only,105,0,CITY OF CHICAGO,0,,0,,Ward 04 Precinct 18,782,0,,345
2018 Primary,Cook,Chicago Only,105,0,CITY OF CHICAGO,0,,0,,Ward 04 Precinct 19,856,0,,218
2018 Primary,Cook,Chicago Only,105,0,CITY OF CHICAGO,0,,0,,Ward 04 Precinct 20,722,0,,330
2018 Primary,Cook,Chicago Only,105,0,CITY OF CHICAGO,0,,0,,Ward 04 Precinct 21,801,0,,304
2018 Primary,Cook,Chicago Only,105,0,CITY OF CHICAGO,0,,0,,Ward 04 Precinct 22,757,0,,340
2018 Primary,Cook,Chicago Only,105,0,CITY OF CHICAGO,0,,0,,Ward 04 Precinct 23,860,0,,455
2018 Primary,Cook,Chicago Only,105,0,CITY OF CHICAGO,0,,0,,Ward 04 Precinct 24,758,0,,306
2018 Primary,Cook,Chicago Only,105,0,CITY OF CHICAGO,0,,0,,Ward 04 Precinct 25,789,0,,328
2018 Primary,Cook,Chicago Only,105,0,CITY OF CHICAGO,0,,0,,Ward 04 Precinct 26,739,0,,308
2018 Primary,Cook,Chicago Only,105,0,CITY OF CHICAGO,0,,0,,Ward 04 Precinct 27,884,0,,397
2018 Primary,Cook,Chicago Only,105,0,CITY OF CHICAGO,0,,0,,Ward 04 Precinct 28,602,0,,268
2018 Primary,Cook,Chicago Only,105,0,CITY OF CHICAGO,0,,0,,Ward 04 Precinct 29,796,0,,265
2018 Primary,Cook,Chicago Only,105,0,CITY OF CHICAGO,0,,0,,Ward 04 Precinct 30,1159,0,,370
2018 Primary,Cook,Chicago Only,105,0,CITY OF CHICAGO,0,,0,,Ward 04 Precinct 31,658,0,,425
2018 Primary,Cook,Chicago Only,105,0,CITY OF CHICAGO,0,,0,,Ward 04 Precinct 32,863,0,,332
2018 Primary,Cook,Chicago Only,105,0,CITY OF CHICAGO,0,,0,,Ward 04 Precinct 33,809,0,,339
2018 Primary,Cook,Chicago Only,105,0,CITY OF CHICAGO,0,,0,,Ward 04 Precinct 34,730,0,,310
2018 Primary,Cook,Chicago Only,105,0,CITY OF CHICAGO,0,,0,,Ward 04 Precinct 35,950,0,,378
2018 Primary,Cook,Chicago Only,105,0,CITY OF CHICAGO,0,,0,,Ward 04 Precinct 36,833,0,,362
2018 Primary,Cook,Chicago Only,105,0,CITY OF CHICAGO,0,,0,,Ward 04 Precinct 37,1285,0,,429
2018 Primary,Cook,Chicago Only,105,0,CITY OF CHICAGO,0,,0,,Ward 04 Precinct 38,745,0,,373
2018 Primary,Cook,Chicago Only,105,0,CITY OF CHICAGO,0,,0,,Ward 05 Precinct 01,762,0,,231
2018 Primary,Cook,Chicago Only,105,0,CITY OF CHICAGO,0,,0,,Ward 05 Precinct 02,713,0,,182
2018 Primary,Cook,Chicago Only,105,0,CITY OF CHICAGO,0,,0,,Ward 05 Precinct 03,716,0,,324
2018 Primary,Cook,Chicago Only,105,0,CITY OF CHICAGO,0,,0,,Ward 05 Precinct 04,785,0,,365
2018 Primary,Cook,Chicago Only,105,0,CITY OF CHICAGO,0,,0,,Ward 05 Precinct 05,723,0,,282
2018 Primary,Cook,Chicago Only,105,0,CITY OF CHICAGO,0,,0,,Ward 05 Precinct 06,696,0,,250
2018 Primary,Cook,Chicago Only,105,0,CITY OF CHICAGO,0,,0,,Ward 05 Precinct 07,591,0,,308
2018 Primary,Cook,Chicago Only,105,0,CITY OF CHICAGO,0,,0,,Ward 05 Precinct 08,675,0,,354
2018 Primary,Cook,Chicago Only,105,0,CITY OF CHICAGO,0,,0,,Ward 05 Precinct 09,736,0,,368
2018 Primary,Cook,Chicago Only,105,0,CITY OF CHICAGO,0,,0,,Ward 05 Precinct 10,756,0,,217
2018 Primary,Cook,Chicago Only,105,0,CITY OF CHICAGO,0,,0,,Ward 05 Precinct 11,681,0,,377
2018 Primary,Cook,Chicago Only,105,0,CITY OF CHICAGO,0,,0,,Ward 05 Precinct 12,693,0,,203
2018 Primary,Cook,Chicago Only,105,0,CITY OF CHICAGO,0,,0,,Ward 05 Precinct 13,749,0,,225
2018 Primary,Cook,Chicago Only,105,0,CITY OF CHICAGO,0,,0,,Ward 05 Precinct 14,578,0,,294
2018 Primary,Cook,Chicago Only,105,0,CITY OF CHICAGO,0,,0,,Ward 05 Precinct 15,655,0,,269
2018 Primary,Cook,Chicago Only,105,0,CITY OF CHICAGO,0,,0,,Ward 05 Precinct 16,801,0,,246
2018 Primary,Cook,Chicago Only,105,0,CITY OF CHICAGO,0,,0,,Ward 05 Precinct 17,777,0,,252
2018 Primary,Cook,Chicago Only,105,0,CITY OF CHICAGO,0,,0,,Ward 05 Precinct 18,597,0,,301
2018 Primary,Cook,Chicago Only,105,0,CITY OF CHICAGO,0,,0,,Ward 05 Precinct 19,650,0,,356
2018 Primary,Cook,Chicago Only,105,0,CITY OF CHICAGO,0,,0,,Ward 05 Precinct 20,691,0,,375
2018 Primary,Cook,Chicago Only,105,0,CITY OF CHICAGO,0,,0,,Ward 05 Precinct 21,644,0,,309
2018 Primary,Cook,Chicago Only,105,0,CITY OF CHICAGO,0,,0,,Ward 05 Precinct 22,684,0,,409
2018 Primary,Cook,Chicago Only,105,0,CITY OF CHICAGO,0,,0,,Ward 05 Precinct 23,1137,0,,529
2018 Primary,Cook,Chicago Only,105,0,CITY OF CHICAGO,0,,0,,Ward 05 Precinct 24,729,0,,341
2018 Primary,Cook,Chicago Only,105,0,CITY OF CHICAGO,0,,0,,Ward 05 Precinct 25,722,0,,307
2018 Primary,Cook,Chicago Only,105,0,CITY OF CHICAGO,0,,0,,Ward 05 Precinct 26,793,0,,305
2018 Primary,Cook,Chicago Only,105,0,CITY OF CHICAGO,0,,0,,Ward 05 Precinct 27,955,0,,290
2018 Primary,Cook,Chicago Only,105,0,CITY OF CHICAGO,0,,0,,Ward 05 Precinct 28,790,0,,350
2018 Primary,Cook,Chicago Only,105,0,CITY OF CHICAGO,0,,0,,Ward 05 Precinct 29,803,0,,311
2018 Primary,Cook,Chicago Only,105,0,CITY OF CHICAGO,0,,0,,Ward 05 Precinct 30,707,0,,200
2018 Primary,Cook,Chicago Only,105,0,CITY OF CHICAGO,0,,0,,Ward 05 Precinct 31,678,0,,227
2018 Primary,Cook,Chicago Only,105,0,CITY OF CHICAGO,0,,0,,Ward 05 Precinct 32,727,0,,375
2018 Primary,Cook,Chicago Only,105,0,CITY OF CHICAGO,0,,0,,Ward 05 Precinct 33,765,0,,336
2018 Primary,Cook,Chicago Only,105,0,CITY OF CHICAGO,0,,0,,Ward 05 Precinct 34,734,0,,354
2018 Primary,Cook,Chicago Only,105,0,CITY OF CHICAGO,0,,0,,Ward 05 Precinct 35,697,0,,361
2018 Primary,Cook,Chicago Only,105,0,CITY OF CHICAGO,0,,0,,Ward 05 Precinct 36,621,0,,167
2018 Primary,Cook,Chicago Only,105,0,CITY OF CHICAGO,0,,0,,Ward 05 Precinct 37,701,0,,380
2018 Primary,Cook,Chicago Only,105,0,CITY OF CHICAGO,0,,0,,Ward 05 Precinct 38,776,0,,276
2018 Primary,Cook,Chicago Only,105,0,CITY OF CHICAGO,0,,0,,Ward 05 Precinct 39,571,0,,292
2018 Primary,Cook,Chicago Only,105,0,CITY OF CHICAGO,0,,0,,Ward 05 Precinct 40,614,0,,229
2018 Primary,Cook,Chicago Only,105,0,CITY OF CHICAGO,0,,0,,Ward 05 Precinct 41,332,0,,225
2018 Primary,Cook,Chicago Only,105,0,CITY OF CHICAGO,0,,0,,Ward 06 Precinct 01,665,0,,299
2018 Primary,Cook,Chicago Only,105,0,CITY OF CHICAGO,0,,0,,Ward 06 Precinct 02,659,0,,260
2018 Primary,Cook,Chicago Only,105,0,CITY OF CHICAGO,0,,0,,Ward 06 Precinct 03,649,0,,304
2018 Primary,Cook,Chicago Only,105,0,CITY OF CHICAGO,0,,0,,Ward 06 Precinct 04,611,0,,170
2018 Primary,Cook,Chicago Only,105,0,CITY OF CHICAGO,0,,0,,Ward 06 Precinct 05,656,0,,135
2018 Primary,Cook,Chicago Only,105,0,CITY OF CHICAGO,0,,0,,Ward 06 Precinct 06,648,0,,271
2018 Primary,Cook,Chicago Only,105,0,CITY OF CHICAGO,0,,0,,Ward 06 Precinct 07,702,0,,238
2018 Primary,Cook,Chicago Only,105,0,CITY OF CHICAGO,0,,0,,Ward 06 Precinct 08,643,0,,244
2018 Primary,Cook,Chicago Only,105,0,CITY OF CHICAGO,0,,0,,Ward 06 Precinct 09,768,0,,188
2018 Primary,Cook,Chicago Only,105,0,CITY OF CHICAGO,0,,0,,Ward 06 Precinct 10,610,0,,138
2018 Primary,Cook,Chicago Only,105,0,CITY OF CHICAGO,0,,0,,Ward 06 Precinct 11,694,0,,198
2018 Primary,Cook,Chicago Only,105,0,CITY OF CHICAGO,0,,0,,Ward 06 Precinct 12,747,0,,149
2018 Primary,Cook,Chicago Only,105,0,CITY OF CHICAGO,0,,0,,Ward 06 Precinct 13,557,0,,186
2018 Primary,Cook,Chicago Only,105,0,CITY OF CHICAGO,0,,0,,Ward 06 Precinct 14,707,0,,242
2018 Primary,Cook,Chicago Only,105,0,CITY OF CHICAGO,0,,0,,Ward 06 Precinct 15,837,0,,171
2018 Primary,Cook,Chicago Only,105,0,CITY OF CHICAGO,0,,0,,Ward 06 Precinct 16,669,0,,293
2018 Primary,Cook,Chicago Only,105,0,CITY OF CHICAGO,0,,0,,Ward 06 Precinct 17,692,0,,153
2018 Primary,Cook,Chicago Only,105,0,CITY OF CHICAGO,0,,0,,Ward 06 Precinct 18,653,0,,148
2018 Primary,Cook,Chicago Only,105,0,CITY OF CHICAGO,0,,0,,Ward 06 Precinct 19,710,0,,204
2018 Primary,Cook,Chicago Only,105,0,CITY OF CHICAGO,0,,0,,Ward 06 Precinct 20,596,0,,126
2018 Primary,Cook,Chicago Only,105,0,CITY OF CHICAGO,0,,0,,Ward 06 Precinct 21,578,0,,123
2018 Primary,Cook,Chicago Only,105,0,CITY OF CHICAGO,0,,0,,Ward 06 Precinct 22,605,0,,141
2018 Primary,Cook,Chicago Only,105,0,CITY OF CHICAGO,0,,0,,Ward 06 Precinct 23,578,0,,111
2018 Primary,Cook,Chicago Only,105,0,CITY OF CHICAGO,0,,0,,Ward 06 Precinct 24,567,0,,127
2018 Primary,Cook,Chicago Only,105,0,CITY OF CHICAGO,0,,0,,Ward 06 Precinct 25,502,0,,122
2018 Primary,Cook,Chicago Only,105,0,CITY OF CHICAGO,0,,0,,Ward 06 Precinct 26,722,0,,156
2018 Primary,Cook,Chicago Only,105,0,CITY OF CHICAGO,0,,0,,Ward 06 Precinct 27,630,0,,114
2018 Primary,Cook,Chicago Only,105,0,CITY OF CHICAGO,0,,0,,Ward 06 Precinct 28,587,0,,111
2018 Primary,Cook,Chicago Only,105,0,CITY OF CHICAGO,0,,0,,Ward 06 Precinct 29,647,0,,303
2018 Primary,Cook,Chicago Only,105,0,CITY OF CHICAGO,0,,0,,Ward 06 Precinct 30,706,0,,176
2018 Primary,Cook,Chicago Only,105,0,CITY OF CHICAGO,0,,0,,Ward 06 Precinct 31,661,0,,304
2018 Primary,Cook,Chicago Only,105,0,CITY OF CHICAGO,0,,0,,Ward 06 Precinct 32,647,0,,241
2018 Primary,Cook,Chicago Only,105,0,CITY OF CHICAGO,0,,0,,Ward 06 Precinct 33,638,0,,256
2018 Primary,Cook,Chicago Only,105,0,CITY OF CHICAGO,0,,0,,Ward 06 Precinct 34,665,0,,258
2018 Primary,Cook,Chicago Only,105,0,CITY OF CHICAGO,0,,0,,Ward 06 Precinct 35,607,0,,235
2018 Primary,Cook,Chicago Only,105,0,CITY OF CHICAGO,0,,0,,Ward 06 Precinct 36,650,0,,318
2018 Primary,Cook,Chicago Only,105,0,CITY OF CHICAGO,0,,0,,Ward 06 Precinct 37,621,0,,302
2018 Primary,Cook,Chicago Only,105,0,CITY OF CHICAGO,0,,0,,Ward 06 Precinct 38,680,0,,283
2018 Primary,Cook,Chicago Only,105,0,CITY OF CHICAGO,0,,0,,Ward 06 Precinct 39,679,0,,198
2018 Primary,Cook,Chicago Only,105,0,CITY OF CHICAGO,0,,0,,Ward 06 Precinct 40,631,0,,217
2018 Primary,Cook,Chicago Only,105,0,CITY OF CHICAGO,0,,0,,Ward 06 Precinct 41,658,0,,248
2018 Primary,Cook,Chicago Only,105,0,CITY OF CHICAGO,0,,0,,Ward 06 Precinct 42,708,0,,212
2018 Primary,Cook,Chicago Only,105,0,CITY OF CHICAGO,0,,0,,Ward 06 Precinct 43,656,0,,218
2018 Primary,Cook,Chicago Only,105,0,CITY OF CHICAGO,0,,0,,Ward 06 Precinct 44,703,0,,214
2018 Primary,Cook,Chicago Only,105,0,CITY OF CHICAGO,0,,0,,Ward 06 Precinct 45,699,0,,257
2018 Primary,Cook,Chicago Only,105,0,CITY OF CHICAGO,0,,0,,Ward 06 Precinct 46,520,0,,158
2018 Primary,Cook,Chicago Only,105,0,CITY OF CHICAGO,0,,0,,Ward 06 Precinct 47,574,0,,184
2018 Primary,Cook,Chicago Only,105,0,CITY OF CHICAGO,0,,0,,Ward 06 Precinct 48,709,0,,238
2018 Primary,Cook,Chicago Only,105,0,CITY OF CHICAGO,0,,0,,Ward 07 Precinct 01,679,0,,211
2018 Primary,Cook,Chicago Only,105,0,CITY OF CHICAGO,0,,0,,Ward 07 Precinct 02,801,0,,198
2018 Primary,Cook,Chicago Only,105,0,CITY OF CHICAGO,0,,0,,Ward 07 Precinct 03,621,0,,284
2018 Primary,Cook,Chicago Only,105,0,CITY OF CHICAGO,0,,0,,Ward 07 Precinct 04,633,0,,251
2018 Primary,Cook,Chicago Only,105,0,CITY OF CHICAGO,0,,0,,Ward 07 Precinct 05,619,0,,203
2018 Primary,Cook,Chicago Only,105,0,CITY OF CHICAGO,0,,0,,Ward 07 Precinct 06,732,0,,294
2018 Primary,Cook,Chicago Only,105,0,CITY OF CHICAGO,0,,0,,Ward 07 Precinct 07,796,0,,200
2018 Primary,Cook,Chicago Only,105,0,CITY OF CHICAGO,0,,0,,Ward 07 Precinct 08,608,0,,197
2018 Primary,Cook,Chicago Only,105,0,CITY OF CHICAGO,0,,0,,Ward 07 Precinct 09,994,0,,420
2018 Primary,Cook,Chicago Only,105,0,CITY OF CHICAGO,0,,0,,Ward 07 Precinct 10,675,0,,253
2018 Primary,Cook,Chicago Only,105,0,CITY OF CHICAGO,0,,0,,Ward 07 Precinct 11,787,0,,195
2018 Primary,Cook,Chicago Only,105,0,CITY OF CHICAGO,0,,0,,Ward 07 Precinct 12,729,0,,204
2018 Primary,Cook,Chicago Only,105,0,CITY OF CHICAGO,0,,0,,Ward 07 Precinct 13,448,0,,174
2018 Primary,Cook,Chicago Only,105,0,CITY OF CHICAGO,0,,0,,Ward 07 Precinct 14,799,0,,238
2018 Primary,Cook,Chicago Only,105,0,CITY OF CHICAGO,0,,0,,Ward 07 Precinct 15,645,0,,238
2018 Primary,Cook,Chicago Only,105,0,CITY OF CHICAGO,0,,0,,Ward 07 Precinct 16,704,0,,179
2018 Primary,Cook,Chicago Only,105,0,CITY OF CHICAGO,0,,0,,Ward 07 Precinct 17,639,0,,175
2018 Primary,Cook,Chicago Only,105,0,CITY OF CHICAGO,0,,0,,Ward 07 Precinct 18,719,0,,200
2018 Primary,Cook,Chicago Only,105,0,CITY OF CHICAGO,0,,0,,Ward 07 Precinct 19,656,0,,239
2018 Primary,Cook,Chicago Only,105,0,CITY OF CHICAGO,0,,0,,Ward 07 Precinct 20,652,0,,156
2018 Primary,Cook,Chicago Only,105,0,CITY OF CHICAGO,0,,0,,Ward 07 Precinct 21,668,0,,183
2018 Primary,Cook,Chicago Only,105,0,CITY OF CHICAGO,0,,0,,Ward 07 Precinct 22,705,0,,191
2018 Primary,Cook,Chicago Only,105,0,CITY OF CHICAGO,0,,0,,Ward 07 Precinct 23,581,0,,274
2018 Primary,Cook,Chicago Only,105,0,CITY OF CHICAGO,0,,0,,Ward 07 Precinct 24,632,0,,190
2018 Primary,Cook,Chicago Only,105,0,CITY OF CHICAGO,0,,0,,Ward 07 Precinct 25,761,0,,149
2018 Primary,Cook,Chicago Only,105,0,CITY OF CHICAGO,0,,0,,Ward 07 Precinct 26,533,0,,196
2018 Primary,Cook,Chicago Only,105,0,CITY OF CHICAGO,0,,0,,Ward 07 Precinct 27,616,0,,201
2018 Primary,Cook,Chicago Only,105,0,CITY OF CHICAGO,0,,0,,Ward 07 Precinct 28,589,0,,149
2018 Primary,Cook,Chicago Only,105,0,CITY OF CHICAGO,0,,0,,Ward 07 Precinct 29,624,0,,183
2018 Primary,Cook,Chicago Only,105,0,CITY OF CHICAGO,0,,0,,Ward 07 Precinct 30,675,0,,158
2018 Primary,Cook,Chicago Only,105,0,CITY OF CHICAGO,0,,0,,Ward 07 Precinct 31,537,0,,125
2018 Primary,Cook,Chicago Only,105,0,CITY OF CHICAGO,0,,0,,Ward 07 Precinct 32,747,0,,390
2018 Primary,Cook,Chicago Only,105,0,CITY OF CHICAGO,0,,0,,Ward 07 Precinct 33,740,0,,369
2018 Primary,Cook,Chicago Only,105,0,CITY OF CHICAGO,0,,0,,Ward 07 Precinct 34,763,0,,292
2018 Primary,Cook,Chicago Only,105,0,CITY OF CHICAGO,0,,0,,Ward 07 Precinct 35,765,0,,234
2018 Primary,Cook,Chicago Only,105,0,CITY OF CHICAGO,0,,0,,Ward 07 Precinct 36,732,0,,298
2018 Primary,Cook,Chicago Only,105,0,CITY OF CHICAGO,0,,0,,Ward 07 Precinct 37,653,0,,252
2018 Primary,Cook,Chicago Only,105,0,CITY OF CHICAGO,0,,0,,Ward 07 Precinct 38,665,0,,196
2018 Primary,Cook,Chicago Only,105,0,CITY OF CHICAGO,0,,0,,Ward 07 Precinct 39,612,0,,219
2018 Primary,Cook,Chicago Only,105,0,CITY OF CHICAGO,0,,0,,Ward 07 Precinct 40,610,0,,201
2018 Primary,Cook,Chicago Only,105,0,CITY OF CHICAGO,0,,0,,Ward 07 Precinct 41,708,0,,208
2018 Primary,Cook,Chicago Only,105,0,CITY OF CHICAGO,0,,0,,Ward 07 Precinct 42,656,0,,220
2018 Primary,Cook,Chicago Only,105,0,CITY OF CHICAGO,0,,0,,Ward 07 Precinct 43,683,0,,222
2018 Primary,Cook,Chicago Only,105,0,CITY OF CHICAGO,0,,0,,Ward 07 Precinct 44,681,0,,167
2018 Primary,Cook,Chicago Only,105,0,CITY OF CHICAGO,0,,0,,Ward 07 Precinct 45,800,0,,181
2018 Primary,Cook,Chicago Only,105,0,CITY OF CHICAGO,0,,0,,Ward 07 Precinct 46,266,0,,145
2018 Primary,Cook,Chicago Only,105,0,CITY OF CHICAGO,0,,0,,Ward 08 Precinct 01,634,0,,205
2018 Primary,Cook,Chicago Only,105,0,CITY OF CHICAGO,0,,0,,Ward 08 Precinct 02,776,0,,211
2018 Primary,Cook,Chicago Only,105,0,CITY OF CHICAGO,0,,0,,Ward 08 Precinct 03,646,0,,324
2018 Primary,Cook,Chicago Only,105,0,CITY OF CHICAGO,0,,0,,Ward 08 Precinct 04,632,0,,306
2018 Primary,Cook,Chicago Only,105,0,CITY OF CHICAGO,0,,0,,Ward 08 Precinct 05,652,0,,312
2018 Primary,Cook,Chicago Only,105,0,CITY OF CHICAGO,0,,0,,Ward 08 Precinct 06,703,0,,259
2018 Primary,Cook,Chicago Only,105,0,CITY OF CHICAGO,0,,0,,Ward 08 Precinct 07,728,0,,315
2018 Primary,Cook,Chicago Only,105,0,CITY OF CHICAGO,0,,0,,Ward 08 Precinct 08,602,0,,289
2018 Primary,Cook,Chicago Only,105,0,CITY OF CHICAGO,0,,0,,Ward 08 Precinct 09,448,0,,184
2018 Primary,Cook,Chicago Only,105,0,CITY OF CHICAGO,0,,0,,Ward 08 Precinct 10,713,0,,377
2018 Primary,Cook,Chicago Only,105,0,CITY OF CHICAGO,0,,0,,Ward 08 Precinct 11,591,0,,230
2018 Primary,Cook,Chicago Only,105,0,CITY OF CHICAGO,0,,0,,Ward 08 Precinct 12,592,0,,210
2018 Primary,Cook,Chicago Only,105,0,CITY OF CHICAGO,0,,0,,Ward 08 Precinct 13,820,0,,259
2018 Primary,Cook,Chicago Only,105,0,CITY OF CHICAGO,0,,0,,Ward 08 Precinct 14,645,0,,145
2018 Primary,Cook,Chicago Only,105,0,CITY OF CHICAGO,0,,0,,Ward 08 Precinct 15,680,0,,221
2018 Primary,Cook,Chicago Only,105,0,CITY OF CHICAGO,0,,0,,Ward 08 Precinct 16,275,0,,66
2018 Primary,Cook,Chicago Only,105,0,CITY OF CHICAGO,0,,0,,Ward 08 Precinct 17,523,0,,237
2018 Primary,Cook,Chicago Only,105,0,CITY OF CHICAGO,0,,0,,Ward 08 Precinct 18,872,0,,188
2018 Primary,Cook,Chicago Only,105,0,CITY OF CHICAGO,0,,0,,Ward 08 Precinct 19,700,0,,312
2018 Primary,Cook,Chicago Only,105,0,CITY OF CHICAGO,0,,0,,Ward 08 Precinct 20,710,0,,298
2018 Primary,Cook,Chicago Only,105,0,CITY OF CHICAGO,0,,0,,Ward 08 Precinct 21,913,0,,313
2018 Primary,Cook,Chicago Only,105,0,CITY OF CHICAGO,0,,0,,Ward 08 Precinct 22,635,0,,234
2018 Primary,Cook,Chicago Only,105,0,CITY OF CHICAGO,0,,0,,Ward 08 Precinct 23,689,0,,204
2018 Primary,Cook,Chicago Only,105,0,CITY OF CHICAGO,0,,0,,Ward 08 Precinct 24,359,0,,181
2018 Primary,Cook,Chicago Only,105,0,CITY OF CHICAGO,0,,0,,Ward 08 Precinct 25,711,0,,227
2018 Primary,Cook,Chicago Only,105,0,CITY OF CHICAGO,0,,0,,Ward 08 Precinct 26,726,0,,229
2018 Primary,Cook,Chicago Only,105,0,CITY OF CHICAGO,0,,0,,Ward 08 Precinct 27,672,0,,294
2018 Primary,Cook,Chicago Only,105,0,CITY OF CHICAGO,0,,0,,Ward 08 Precinct 28,715,0,,269
2018 Primary,Cook,Chicago Only,105,0,CITY OF CHICAGO,0,,0,,Ward 08 Precinct 29,778,0,,310
2018 Primary,Cook,Chicago Only,105,0,CITY OF CHICAGO,0,,0,,Ward 08 Precinct 30,716,0,,258
2018 Primary,Cook,Chicago Only,105,0,CITY OF CHICAGO,0,,0,,Ward 08 Precinct 31,567,0,,203
2018 Primary,Cook,Chicago Only,105,0,CITY OF CHICAGO,0,,0,,Ward 08 Precinct 32,550,0,,195
2018 Primary,Cook,Chicago Only,105,0,CITY OF CHICAGO,0,,0,,Ward 08 Precinct 33,668,0,,260
2018 Primary,Cook,Chicago Only,105,0,CITY OF CHICAGO,0,,0,,Ward 08 Precinct 34,633,0,,248
2018 Primary,Cook,Chicago Only,105,0,CITY OF CHICAGO,0,,0,,Ward 08 Precinct 35,654,0,,279
2018 Primary,Cook,Chicago Only,105,0,CITY OF CHICAGO,0,,0,,Ward 08 Precinct 36,722,0,,276
2018 Primary,Cook,Chicago Only,105,0,CITY OF CHICAGO,0,,0,,Ward 08 Precinct 37,481,0,,239
2018 Primary,Cook,Chicago Only,105,0,CITY OF CHICAGO,0,,0,,Ward 08 Precinct 38,517,0,,157
2018 Primary,Cook,Chicago Only,105,0,CITY OF CHICAGO,0,,0,,Ward 08 Precinct 39,652,0,,248
2018 Primary,Cook,Chicago Only,105,0,CITY OF CHICAGO,0,,0,,Ward 08 Precinct 40,529,0,,203
2018 Primary,Cook,Chicago Only,105,0,CITY OF CHICAGO,0,,0,,Ward 08 Precinct 41,725,0,,253
2018 Primary,Cook,Chicago Only,105,0,CITY OF CHICAGO,0,,0,,Ward 08 Precinct 42,818,0,,298
2018 Primary,Cook,Chicago Only,105,0,CITY OF CHICAGO,0,,0,,Ward 08 Precinct 43,382,0,,124
2018 Primary,Cook,Chicago Only,105,0,CITY OF CHICAGO,0,,0,,Ward 08 Precinct 44,461,0,,156
2018 Primary,Cook,Chicago Only,105,0,CITY OF CHICAGO,0,,0,,Ward 08 Precinct 45,749,0,,200
2018 Primary,Cook,Chicago Only,105,0,CITY OF CHICAGO,0,,0,,Ward 08 Precinct 46,554,0,,177
2018 Primary,Cook,Chicago Only,105,0,CITY OF CHICAGO,0,,0,,Ward 08 Precinct 47,588,0,,205
2018 Primary,Cook,Chicago Only,105,0,CITY OF CHICAGO,0,,0,,Ward 08 Precinct 48,660,0,,218
2018 Primary,Cook,Chicago Only,105,0,CITY OF CHICAGO,0,,0,,Ward 08 Precinct 49,652,0,,234
2018 Primary,Cook,Chicago Only,105,0,CITY OF CHICAGO,0,,0,,Ward 08 Precinct 50,665,0,,279
2018 Primary,Cook,Chicago Only,105,0,CITY OF CHICAGO,0,,0,,Ward 08 Precinct 51,638,0,,289
2018 Primary,Cook,Chicago Only,105,0,CITY OF CHICAGO,0,,0,,Ward 08 Precinct 52,793,0,,354
2018 Primary,Cook,Chicago Only,105,0,CITY OF CHICAGO,0,,0,,Ward 08 Precinct 53,384,0,,144
2018 Primary,Cook,Chicago Only,105,0,CITY OF CHICAGO,0,,0,,Ward 08 Precinct 54,650,0,,162
2018 Primary,Cook,Chicago Only,105,0,CITY OF CHICAGO,0,,0,,Ward 08 Precinct 55,496,0,,227
2018 Primary,Cook,Chicago Only,105,0,CITY OF CHICAGO,0,,0,,Ward 08 Precinct 56,682,0,,285
2018 Primary,Cook,Chicago Only,105,0,CITY OF CHICAGO,0,,0,,Ward 09 Precinct 01,701,0,,238
2018 Primary,Cook,Chicago Only,105,0,CITY OF CHICAGO,0,,0,,Ward 09 Precinct 02,624,0,,208
2018 Primary,Cook,Chicago Only,105,0,CITY OF CHICAGO,0,,0,,Ward 09 Precinct 03,771,0,,149
2018 Primary,Cook,Chicago Only,105,0,CITY OF CHICAGO,0,,0,,Ward 09 Precinct 04,553,0,,163
2018 Primary,Cook,Chicago Only,105,0,CITY OF CHICAGO,0,,0,,Ward 09 Precinct 05,651,0,,242
2018 Primary,Cook,Chicago Only,105,0,CITY OF CHICAGO,0,,0,,Ward 09 Precinct 06,664,0,,212
2018 Primary,Cook,Chicago Only,105,0,CITY OF CHICAGO,0,,0,,Ward 09 Precinct 07,650,0,,171
2018 Primary,Cook,Chicago Only,105,0,CITY OF CHICAGO,0,,0,,Ward 09 Precinct 08,843,0,,205
2018 Primary,Cook,Chicago Only,105,0,CITY OF CHICAGO,0,,0,,Ward 09 Precinct 09,694,0,,274
2018 Primary,Cook,Chicago Only,105,0,CITY OF CHICAGO,0,,0,,Ward 09 Precinct 10,616,0,,175
2018 Primary,Cook,Chicago Only,105,0,CITY OF CHICAGO,0,,0,,Ward 09 Precinct 11,604,0,,176
2018 Primary,Cook,Chicago Only,105,0,CITY OF CHICAGO,0,,0,,Ward 09 Precinct 12,706,0,,289
2018 Primary,Cook,Chicago Only,105,0,CITY OF CHICAGO,0,,0,,Ward 09 Precinct 13,691,0,,285
2018 Primary,Cook,Chicago Only,105,0,CITY OF CHICAGO,0,,0,,Ward 09 Precinct 14,739,0,,302
2018 Primary,Cook,Chicago Only,105,0,CITY OF CHICAGO,0,,0,,Ward 09 Precinct 15,1149,0,,135
2018 Primary,Cook,Chicago Only,105,0,CITY OF CHICAGO,0,,0,,Ward 09 Precinct 16,629,0,,208
2018 Primary,Cook,Chicago Only,105,0,CITY OF CHICAGO,0,,0,,Ward 09 Precinct 17,620,0,,155
2018 Primary,Cook,Chicago Only,105,0,CITY OF CHICAGO,0,,0,,Ward 09 Precinct 18,595,0,,157
2018 Primary,Cook,Chicago Only,105,0,CITY OF CHICAGO,0,,0,,Ward 09 Precinct 19,653,0,,205
2018 Primary,Cook,Chicago Only,105,0,CITY OF CHICAGO,0,,0,,Ward 09 Precinct 20,694,0,,259
2018 Primary,Cook,Chicago Only,105,0,CITY OF CHICAGO,0,,0,,Ward 09 Precinct 21,683,0,,201
2018 Primary,Cook,Chicago Only,105,0,CITY OF CHICAGO,0,,0,,Ward 09 Precinct 22,682,0,,261
2018 Primary,Cook,Chicago Only,105,0,CITY OF CHICAGO,0,,0,,Ward 09 Precinct 23,706,0,,296
2018 Primary,Cook,Chicago Only,105,0,CITY OF CHICAGO,0,,0,,Ward 09 Precinct 24,626,0,,242
2018 Primary,Cook,Chicago Only,105,0,CITY OF CHICAGO,0,,0,,Ward 09 Precinct 25,657,0,,229
2018 Primary,Cook,Chicago Only,105,0,CITY OF CHICAGO,0,,0,,Ward 09 Precinct 26,964,0,,166
2018 Primary,Cook,Chicago Only,105,0,CITY OF CHICAGO,0,,0,,Ward 09 Precinct 27,635,0,,206
2018 Primary,Cook,Chicago Only,105,0,CITY OF CHICAGO,0,,0,,Ward 09 Precinct 28,663,0,,130
2018 Primary,Cook,Chicago Only,105,0,CITY OF CHICAGO,0,,0,,Ward 09 Precinct 29,732,0,,198
2018 Primary,Cook,Chicago Only,105,0,CITY OF CHICAGO,0,,0,,Ward 09 Precinct 30,623,0,,174
2018 Primary,Cook,Chicago Only,105,0,CITY OF CHICAGO,0,,0,,Ward 09 Precinct 31,715,0,,169
2018 Primary,Cook,Chicago Only,105,0,CITY OF CHICAGO,0,,0,,Ward 09 Precinct 32,699,0,,241
2018 Primary,Cook,Chicago Only,105,0,CITY OF CHICAGO,0,,0,,Ward 09 Precinct 33,701,0,,158
2018 Primary,Cook,Chicago Only,105,0,CITY OF CHICAGO,0,,0,,Ward 09 Precinct 34,700,0,,171
2018 Primary,Cook,Chicago Only,105,0,CITY OF CHICAGO,0,,0,,Ward 09 Precinct 35,607,0,,240
2018 Primary,Cook,Chicago Only,105,0,CITY OF CHICAGO,0,,0,,Ward 09 Precinct 36,656,0,,197
2018 Primary,Cook,Chicago Only,105,0,CITY OF CHICAGO,0,,0,,Ward 09 Precinct 37,851,0,,346
2018 Primary,Cook,Chicago Only,105,0,CITY OF CHICAGO,0,,0,,Ward 09 Precinct 38,689,0,,211
2018 Primary,Cook,Chicago Only,105,0,CITY OF CHICAGO,0,,0,,Ward 09 Precinct 39,724,0,,245
2018 Primary,Cook,Chicago Only,105,0,CITY OF CHICAGO,0,,0,,Ward 09 Precinct 40,740,0,,284
2018 Primary,Cook,Chicago Only,105,0,CITY OF CHICAGO,0,,0,,Ward 09 Precinct 41,560,0,,172
